{
    "3": 1.12952,
    "4": 1.52815,
    "6": 2.32816,
    "7": 2.7291,
    "9": 3.53061
}