{
    "3": 0.94319,
    "4": 1.27613,
    "6": 1.94313,
    "7": 2.27746,
    "9": 2.9459
}