{
    "3": 0.708085,
    "4": 0.95777,
    "6": 1.45812,
    "7": 1.708545,
    "9": 2.209785
}