cells_per_vehicle,mean_throughput,mean_stationary,rms_throughput,rms_stationary
2,2.75213,926.29665,0.005455382868600853,0.24587968654606063
3,3.46598,106.7263,0.004864469449656294,0.1261324271430216
4,2.9033,0.00396,0.004314148492899991,0.0005492232701392836
5,2.32825,9e-05,0.004142003251676699,4.582510228464856e-05
6,1.94323,4e-05,0.003921788555654068,4.000000000003231e-05
7,1.66608,0.0,0.0037304575455480394,0.0
8,1.45808,0.0,0.0035500356566580257,0.0
9,1.29656,0.0,0.003372808239783835,0.0
