cells_per_vehicle,mean_throughput,mean_stationary
2,0.67914,2443.59138
3,0.86868,1350.8286
4,0.96249,849.3928
5,1.01669,558.98038
6,1.0586,366.2985
7,1.08955,227.39515
8,1.14847,105.03361
9,1.16016,25.56154
10,1.09671,0.00218
