cells_per_vehicle,mean_throughput,mean_stationary,rms_throughput,rms_stationary
2,2.75558,989.92483,0.005798493326828964,0.2566338325395725
3,3.47695,251.5247,0.005435915973122735,0.1597996315963339
4,3.40466,0.00053,0.004632938320892602,0.0001352677861640894
5,2.72925,0.0,0.004452532158831719,0.0
6,2.27759,1e-05,0.004217572263537079,1.0000000000009677e-05
7,1.9524,0.0,0.004010399385725491,0.0
8,1.70853,0.0,0.0038280150114636535,0.0
9,1.51924,0.0,0.0036636092101007788,0.0
