cells_per_vehicle,mean_throughput,mean_stationary
2,0.68026,2440.50509
3,0.86942,1360.23455
4,0.96073,877.83791
5,1.0118,607.83221
6,1.04946,437.87204
7,1.08769,300.63556
8,1.10179,202.59616
9,1.21316,87.90077
10,1.29692,0.00034
