cells_per_vehicle,mean_throughput,mean_stationary,rms_throughput,rms_stationary
2,2.53102,109.65599,0.003470892978324035,0.0926305709548765
3,1.86052,1.5726,0.003374635858529655,0.005486765298967054
4,1.40744,0.28801,0.0032059989470192576,0.002024856389830956
5,1.1296,0.09377,0.003008575894885074,0.0010869147550933744
6,0.94314,0.04204,0.0028288424182850627,0.0007108666804074081
7,0.80885,0.02018,0.0026769737460216165,0.00047783884239276705
8,0.70805,0.01129,0.002521669201769815,0.0003530249357569531
9,0.6296,0.00721,0.0024119072480029684,0.0002799659672341406
