cells_per_vehicle,mean_throughput,mean_stationary,rms_throughput,rms_stationary
2,2.7829,453.83435,0.0043391086848164045,0.1916812148272515
3,2.5165,0.52021,0.0037607205333817784,0.004261536948798045
4,1.90445,0.02598,0.003623138590549786,0.0006785683462623173
5,1.52793,0.00542,0.0034374579724222973,0.0002930991215801769
6,1.27605,0.00125,0.003238019274600612,0.00012281907769264
7,1.09424,0.00053,0.003065400820580852,8.06055579507487e-05
8,0.95777,0.00018,0.0029126879524778194,4.6900938124727276e-05
9,0.85174,0.00011,0.0027712572097622515,3.3164589533074325e-05
