cells_per_vehicle,mean_throughput,mean_stationary,rms_throughput,rms_stationary
2,2.70022,1077.49078,0.006058356753512851,0.27273811396776243
3,3.40627,407.14298,0.006250530982437235,0.20026830313636884
4,3.92119,77.54197,0.005759611234295062,0.18336847064082512
5,3.53056,0.0,0.004957247886383613,0.0
6,2.94596,0.0,0.004765461560042026,0.0
7,2.52518,0.0,0.004512678065032795,0.0
8,2.2097,0.0,0.0042846519908197244,0.0
9,1.96468,0.0,0.004113234027252224,0.0
