cells_per_vehicle,mean_throughput,mean_stationary,rms_throughput,rms_stationary
2,2.74868,994.80809,0.005776704621079109,0.2585585054306262
3,3.47907,248.40393,0.0054444757115954005,0.1698285645083425
4,3.40487,0.00052,0.0046158981678686315,0.0001303743301983932
5,2.72922,0.0,0.004430505412451374,0.0
6,2.27745,0.0,0.004238643018226585,0.0
7,1.95252,0.0,0.0040009769524650286,0.0
8,1.7087,0.0,0.003809644108559456,0.0
9,1.51929,0.0,0.003646671350851622,0.0
