cells_per_vehicle,mean_throughput,mean_stationary,rms_throughput,rms_stationary
2,2.75134,930.06843,0.005487256431392765,0.2426252442419017
3,3.46843,104.08515,0.0048634216226528795,0.12840034213836835
4,2.90331,0.00076,0.004309987958102072,0.00012567570148538842
5,2.32812,6e-05,0.004119458988195895,3.162236549880894e-05
6,1.94333,0.0,0.0039001970753238554,0.0
7,1.66584,0.0,0.0037438097047153007,0.0
8,1.45809,0.0,0.003536037408540915,0.0
9,1.29651,0.0,0.00339285032285983,0.0
