cells_per_vehicle,mean_throughput,mean_stationary
2,0.71278,2240.18028
3,0.91703,881.1504
4,0.99572,264.75692
5,0.96399,16.8877
6,0.82102,1.78364
7,0.70657,0.64946
8,0.61992,0.30886
9,0.55179,0.17182
10,0.49724,0.09701
