cells_per_vehicle,mean_throughput,mean_stationary,rms_throughput,rms_stationary
2,2.70707,1057.85637,0.005998531484854373,0.2685332897528834
3,3.39753,413.48078,0.006208138561662986,0.18738456349355384
4,4.14339,41.70456,0.005548531422009713,0.1765916906264486
5,3.53072,0.0,0.0049318765242114685,0.0
6,2.94607,0.0,0.004734473540258139,0.0
7,2.52531,0.0,0.004471039469847196,0.0
8,2.2097,0.0,0.0043244706162107105,0.0
9,1.96478,0.0,0.00412940262455066,0.0
