cells_per_vehicle,mean_throughput,mean_stationary,rms_throughput,rms_stationary
2,2.70326,1059.98939,0.00602531466134084,0.26481369458019255
3,3.39675,415.11214,0.006219869873464407,0.18534663627905162
4,3.72921,108.42189,0.005900726730225072,0.12236135791703937
5,3.53074,0.0,0.004947807123560705,0.0
6,2.94593,0.0,0.00471721176881604,0.0
7,2.52515,0.0,0.004524497705358006,0.0
8,2.20979,0.0,0.004301623716536134,0.0
9,1.96469,0.0,0.004120704046766223,0.0
