cells_per_vehicle,mean_throughput,mean_stationary
2,0.69313,2395.11236
3,0.89082,1187.98645
4,0.98712,615.50014
5,1.03928,282.0584
6,1.07458,61.69526
7,0.9906,0.32033
8,0.86903,0.03644
9,0.77349,0.01325
10,0.69675,0.00576
